{
    "pts": {
        "loss": 31.377737641334534
    },
    "trb": {
        "loss": 5.589640483260155
    },
    "ast": {
        "loss": 3.344875752925873
    },
    "3p": {
        "loss": 1.5381749719381332
    },
    "3pa": {
        "loss": 3.8915210515260696
    },
    "blk": {
        "loss": 0.5975473038852215
    },
    "fg": {
        "loss": 4.498878493905067
    },
    "drb": {
        "loss": 3.9256114959716797
    },
    "fga": {
        "loss": 11.107088804244995
    },
    "ft": {
        "loss": 3.5911042988300323
    },
    "gmsc": {
        "loss": 32.25914478302002
    },
    "orb": {
        "loss": 1.2735724374651909
    },
    "tov": {
        "loss": 1.3030560687184334
    },
    "stl": {
        "loss": 0.768427474424243
    }
}